0,1,2,3,4,5,6,7,8,9,10,11,12,13,14,15,16,17,18,19,20,21,22,23,24,25,26,27,28,29,30,31,32,33,34,35,36,37,38,39,40,41,42,43,44,45,46,47,48,49,50,51,52,53,54,55,56,57,58,59,60,61,62
0.3097208,0.735179,-3.1854435e-07,0.38668922,0.6911619,-0.013285694,0.44647792,0.6143519,-0.017309226,0.46871212,0.5313328,-0.025528885,0.45566288,0.45978588,-0.030978458,0.4222113,0.5173217,0.015596417,0.4479548,0.4549425,-0.017734747,0.4435476,0.5233353,-0.038703628,0.4289956,0.57206935,-0.045620434,0.382874,0.5116787,0.0094815735,0.4124673,0.45290032,-0.024675079,0.40389726,0.5431861,-0.037290584,0.38677776,0.5904087,-0.035541188,0.33859178,0.5134132,-0.0026079917,0.3723442,0.47364604,-0.043706767,0.36596194,0.56474566,-0.037584096,0.34981817,0.6078854,-0.020112848,0.28591353,0.5220517,-0.015061862,0.32594493,0.4850395,-0.040516313,0.32730868,0.5526838,-0.027409999,0.3138323,0.58966964,-0.009089376
0.28059208,0.6659063,-3.3148228e-07,0.33496764,0.5798449,-0.023584587,0.35892135,0.45347476,-0.028174207,0.33251703,0.35875964,-0.034418624,0.29034838,0.30396557,-0.03569477,0.29704413,0.3795235,0.010912014,0.2840441,0.29558465,-0.02560365,0.30265027,0.35390806,-0.044570412,0.31302404,0.39971414,-0.04927014,0.2560548,0.40574327,0.009343371,0.24746232,0.3257701,-0.033459187,0.27919438,0.413256,-0.04615319,0.29080495,0.463039,-0.040783133,0.21495919,0.44175178,0.00054193224,0.22013,0.3835053,-0.052112292,0.25813177,0.47779,-0.0466539,0.26878476,0.52665704,-0.025225151,0.17089733,0.48834246,-0.008974206,0.18750575,0.4362321,-0.04315767,0.21834993,0.5024902,-0.03293251,0.22527091,0.5420338,-0.01388917
0.46961987,0.5916907,-2.2739516e-07,0.554212,0.6014564,-0.011386359,0.63974386,0.57062525,-0.019177224,0.707958,0.53483605,-0.03325409,0.7618221,0.48951158,-0.044125125,0.648921,0.45572713,0.013019653,0.7085235,0.40366423,-0.022426782,0.69397485,0.47553667,-0.0458747,0.65866995,0.52398723,-0.05293558,0.6242254,0.4292006,0.003874747,0.6891801,0.37879318,-0.030246325,0.6666901,0.46457982,-0.046175033,0.6267452,0.5118929,-0.04796914,0.59034884,0.39897695,-0.011328663,0.6597078,0.35071474,-0.046791684,0.6382478,0.44115248,-0.042805173,0.59940624,0.49260858,-0.028687803,0.546374,0.36680844,-0.027905121,0.61170137,0.3360181,-0.05391371,0.61007607,0.40633106,-0.04626809,0.582807,0.45395574,-0.03206384
0.38363287,0.5014143,-3.470552e-07,0.47666153,0.48388523,-0.024445446,0.5518334,0.4241691,-0.033944853,0.6001262,0.34403363,-0.04787133,0.629425,0.26021758,-0.05768512,0.564698,0.29583347,0.013223743,0.605339,0.21368444,-0.02953865,0.58230805,0.27943927,-0.058392342,0.5552597,0.34068322,-0.06861253,0.5259271,0.27169493,0.009783238,0.5674365,0.1867176,-0.035977118,0.5412406,0.27645716,-0.055304803,0.51530373,0.34555194,-0.05472333,0.47862583,0.25528646,-0.0017834224,0.51923025,0.17429861,-0.049514018,0.5000371,0.27303302,-0.045908947,0.47800082,0.34627816,-0.026941147,0.4220796,0.24600616,-0.015566974,0.463417,0.1895396,-0.04975906,0.46073982,0.2607265,-0.043164123,0.44725236,0.3202374,-0.026133027
0.44592077,0.73078084,-3.7966413e-07,0.5228572,0.6996986,-0.015326013,0.58427566,0.6285739,-0.021771966,0.60881495,0.5523613,-0.032078627,0.6017166,0.4808456,-0.038772903,0.56451166,0.5009504,0.0052771666,0.596304,0.44122523,-0.02678042,0.5954914,0.51871794,-0.04436324,0.57961947,0.5712356,-0.0489151,0.52768874,0.49471784,6.326961e-05,0.5628462,0.44737548,-0.032678045,0.5567577,0.54137826,-0.042206667,0.5366436,0.5934035,-0.03969893,0.48644742,0.49501744,-0.010960558,0.52686036,0.45829946,-0.04853182,0.5220291,0.5497036,-0.041909657,0.5027083,0.6011932,-0.025955252,0.43908995,0.50171155,-0.023003321,0.4863299,0.4674628,-0.048837215,0.48889092,0.5358695,-0.0387848,0.47324014,0.58035266,-0.023202086
0.37777784,0.7726409,-3.3684333e-07,0.33296567,0.65919197,0.016940469,0.3360554,0.5484096,0.015224538,0.3793052,0.47299957,0.008493159,0.42460197,0.43560505,0.0042476025,0.3350728,0.4986938,-0.006477647,0.39643204,0.36580798,-0.019984273,0.41034162,0.394262,-0.023046969,0.40626574,0.43870652,-0.02014702,0.39892387,0.514503,-0.023045061,0.4470131,0.37218806,-0.026122259,0.45317304,0.40156204,-0.02095522,0.44158244,0.4510694,-0.015567704,0.45833868,0.5411824,-0.03768487,0.49172705,0.41348916,-0.03304148,0.4917267,0.4428754,-0.015888149,0.4793755,0.48676205,-0.005223999,0.507767,0.5759618,-0.0511924,0.522049,0.47210768,-0.038986694,0.5172778,0.49043787,-0.017282495,0.50934273,0.5234473,-0.0019974043
0.60501194,0.93867487,-6.021436e-07,0.56305933,0.816967,0.021416545,0.5911402,0.69664764,0.034021657,0.6403464,0.62679017,0.04365481,0.6829676,0.5948351,0.056967556,0.65355426,0.6330678,0.0076650945,0.70992786,0.50590837,0.011210176,0.69250476,0.5356164,0.023781713,0.67670023,0.58539855,0.036372308,0.7120425,0.67422146,-0.0013631603,0.7577912,0.54060495,0.0004943319,0.7345466,0.5613258,0.012202432,0.71440315,0.6027222,0.024403749,0.7538067,0.7224691,-0.00729545,0.792758,0.5975002,-0.0039219363,0.7668493,0.60974705,0.011877452,0.74663013,0.6434643,0.024943957,0.7768374,0.77121484,-0.010120273,0.80151546,0.66042763,0.003062035,0.77775705,0.6585756,0.024358401,0.7602482,0.68679464,0.041076355
0.38928825,0.76739305,-2.1826527e-07,0.33299088,0.6714334,0.011920633,0.32076797,0.5789476,0.007815687,0.34671456,0.51340944,-0.00031694272,0.38742095,0.4874073,-0.0063695265,0.30479163,0.52069706,-0.0017809785,0.35943693,0.42928833,-0.0103983,0.37858093,0.45260286,-0.015164151,0.37454095,0.4887818,-0.01695013,0.35979822,0.5216157,-0.015077183,0.40556997,0.44349444,-0.012271365,0.41739818,0.4700219,-0.008690359,0.4095177,0.50752825,-0.00820847,0.4162411,0.5338995,-0.027134174,0.44848344,0.46905625,-0.01955873,0.45226958,0.49998197,-0.0072914828,0.44196588,0.5372698,-0.0022812656,0.4665678,0.55616504,-0.038934983,0.48159567,0.5085448,-0.026331322,0.48067036,0.5405765,-0.008890449,0.47356984,0.5731513,0.0025459672
0.3908094,0.7796703,-3.4209538e-07,0.34145936,0.69168067,0.013501085,0.32874697,0.59911126,0.007921287,0.3520122,0.54474413,-0.0034636385,0.3901448,0.52578855,-0.013041624,0.301079,0.5200794,0.0051718573,0.35473385,0.4614216,-0.0060053207,0.37070465,0.4935266,-0.016678976,0.36082062,0.53157645,-0.024459103,0.3457238,0.51617104,-0.013461123,0.39464498,0.47867665,-0.014204833,0.40256298,0.51304096,-0.018053882,0.38818204,0.54930043,-0.0234464,0.39788625,0.5293932,-0.031208856,0.43321124,0.50306857,-0.026133258,0.43726128,0.5427769,-0.01809561,0.42426515,0.5774829,-0.016639203,0.44975534,0.5548079,-0.04928526,0.47059858,0.5405718,-0.039629348,0.4714803,0.5771239,-0.025128422,0.46244955,0.6078875,-0.015943134
0.39880934,0.7725455,-3.892515e-07,0.47319826,0.7156742,-0.037016694,0.52827215,0.6032394,-0.05132972,0.5274243,0.49387664,-0.06558603,0.48257893,0.4242726,-0.07187736,0.4913246,0.49327546,0.0019457524,0.51330835,0.41230834,-0.046383016,0.5171072,0.503009,-0.07046207,0.50401145,0.5442057,-0.07765591,0.4449242,0.49585438,0.0030358995,0.46962652,0.42246324,-0.04617934,0.47754648,0.5381175,-0.05850089,0.46254498,0.5695713,-0.053269427,0.3959883,0.50969106,-0.0056990064,0.42843437,0.46270007,-0.065401495,0.43776366,0.57784516,-0.05711154,0.42065075,0.60878646,-0.033784583,0.34099153,0.53021836,-0.01626195,0.38513768,0.49139056,-0.051637273,0.39635414,0.56958985,-0.038027402,0.37866196,0.5966725,-0.017227024
0.54533565,0.78984964,-3.712454e-07,0.64116573,0.72439134,-0.020032832,0.6986465,0.63016474,-0.027036907,0.70574176,0.52564,-0.040058125,0.681597,0.4437468,-0.04742414,0.65762305,0.5104759,0.03754052,0.6906128,0.43796664,-0.0011690952,0.68940246,0.52697814,-0.023648238,0.6719265,0.5756235,-0.02953291,0.6113706,0.50903124,0.03343592,0.651555,0.44308552,-0.0066586467,0.64686126,0.55801284,-0.021542665,0.62379384,0.59484416,-0.018327285,0.561273,0.5133952,0.019830985,0.6085629,0.46774775,-0.031007376,0.60597026,0.5828777,-0.02505983,0.58173776,0.6214812,-0.0039453804,0.50256515,0.5247658,0.0054898793,0.5599621,0.48423657,-0.022722067,0.56445855,0.56687236,-0.0077527934,0.54170036,0.60373396,0.013593078
0.21017468,0.6906056,-1.7342413e-07,0.2966246,0.6668264,-0.034347825,0.37463722,0.5925609,-0.04733137,0.40453833,0.4814001,-0.06189973,0.40930432,0.38474894,-0.070886806,0.4015898,0.48948464,0.02331861,0.43706843,0.41388267,-0.014517067,0.42908227,0.43759742,-0.03774952,0.41880926,0.46293545,-0.046095733,0.3567385,0.45494315,0.024545535,0.39976585,0.3724016,-0.019921774,0.3667754,0.46742946,-0.035210516,0.3476376,0.51284623,-0.029450487,0.30730736,0.43263966,0.01649158,0.34585652,0.3629188,-0.039122663,0.3189061,0.46693748,-0.031991687,0.29643247,0.5177999,-0.0076215197,0.24607807,0.4156329,0.0061871954,0.2885039,0.37195987,-0.03190747,0.2769047,0.44646347,-0.02101129,0.2593443,0.48747262,0.00020651157
0.73857236,0.7698972,-4.5864883e-07,0.66534853,0.7429804,-0.02003583,0.6004771,0.6730295,-0.031937223,0.5686003,0.59566087,-0.04901106,0.5743032,0.52385205,-0.061619673,0.60489774,0.5491946,0.017549742,0.5818034,0.45579785,-0.02029828,0.57985383,0.5004999,-0.048107523,0.5886561,0.5550817,-0.05988472,0.64417464,0.52274096,0.010411964,0.6195784,0.41880408,-0.029169967,0.61908305,0.47889033,-0.05016056,0.62832594,0.53775746,-0.052447364,0.6879198,0.5101523,-0.004285002,0.661793,0.41188306,-0.037883736,0.6585293,0.47429007,-0.038726933,0.66430676,0.53277814,-0.028063457,0.7347214,0.5117861,-0.02164845,0.70968336,0.43980724,-0.038698867,0.7013952,0.4798297,-0.032111403,0.70472115,0.5233548,-0.020408256
0.75988775,0.76840276,-6.85473e-07,0.6909862,0.73945856,-0.028896183,0.62585056,0.6646629,-0.04288337,0.5916623,0.57858396,-0.06136836,0.5948433,0.49528438,-0.072681084,0.6315098,0.5392014,0.022375826,0.60674614,0.45351785,-0.02457967,0.6096499,0.5342499,-0.051443905,0.62139016,0.58795375,-0.05972044,0.6678404,0.51524824,0.019346539,0.6417292,0.42423022,-0.028500328,0.6429659,0.52196866,-0.043464374,0.65532625,0.5630646,-0.03774223,0.71106976,0.50286955,0.0055177608,0.68540365,0.41613847,-0.041030187,0.6847222,0.5136457,-0.03363661,0.6969684,0.5592612,-0.012261614,0.7589703,0.50114447,-0.011494815,0.73256963,0.43271354,-0.03460665,0.7254255,0.49871182,-0.022846067,0.7356837,0.53829974,-0.004322836
0.7000936,0.7668892,-8.824093e-07,0.6112795,0.70649576,-0.014495278,0.54465646,0.6151903,-0.026592547,0.5180505,0.5286097,-0.045448087,0.5393929,0.45378512,-0.05604793,0.58659667,0.46901923,0.028358812,0.53195596,0.4308399,-0.02314996,0.5400544,0.5241105,-0.0474288,0.56550395,0.55414534,-0.054793775,0.62884283,0.45987514,0.014796973,0.56861603,0.43196943,-0.040243503,0.5798072,0.54580194,-0.04598471,0.6105219,0.5607211,-0.032726284,0.6737518,0.46382633,-0.009695878,0.61020815,0.46184877,-0.06375973,0.61959773,0.5704532,-0.046117466,0.64933497,0.5784668,-0.016736146,0.7208743,0.482924,-0.03671597,0.6544933,0.48470715,-0.06156359,0.6554462,0.5619159,-0.044629864,0.6809745,0.5742569,-0.021853158
0.7491127,0.72758114,-7.7403814e-07,0.637785,0.6598313,-0.006378275,0.5846958,0.564541,-0.0184918,0.5457713,0.49151564,-0.035316322,0.5286451,0.4193819,-0.04499391,0.7225896,0.3983309,0.018287454,0.5981745,0.36887628,-0.017862808,0.595011,0.45274967,-0.04643487,0.6290598,0.49438375,-0.06220739,0.7274327,0.3969669,0.005873385,0.58840114,0.36957443,-0.031486668,0.5868545,0.4536021,-0.044554684,0.624481,0.48241073,-0.04673743,0.7132159,0.41097748,-0.011963351,0.57192546,0.39091423,-0.04592665,0.5748353,0.47798914,-0.036215577,0.61576116,0.50337803,-0.023047365,0.681524,0.43841612,-0.032071576,0.56367314,0.43616414,-0.057860125,0.5694731,0.50555897,-0.05168055,0.608522,0.5326581,-0.039988764
0.561501,0.63991463,-9.658252e-07,0.43412203,0.6103477,0.013856133,0.35944974,0.5380339,0.009287262,0.30263203,0.48499638,-0.0058466992,0.2569528,0.4243586,-0.014155781,0.45086798,0.32452378,0.043601353,0.31965464,0.34362337,0.004157221,0.34323448,0.4323218,-0.026655214,0.38741472,0.45865136,-0.04232333,0.46142638,0.32011896,0.020781709,0.3162283,0.3442846,-0.018410062,0.3390025,0.43848136,-0.031094119,0.38510546,0.45075744,-0.032430653,0.45590958,0.3353697,-0.0075239255,0.3132782,0.35870364,-0.0384849,0.33597615,0.4527291,-0.023291972,0.3847703,0.4633689,-0.0068746265,0.4366749,0.36819297,-0.0370399,0.32280284,0.3949623,-0.05610607,0.34116694,0.46294048,-0.044781417,0.38855946,0.47489712,-0.029987859
0.6060573,0.6692219,-2.7406767e-07,0.60912293,0.52337956,0.022447882,0.5638504,0.43494117,0.025196835,0.5037363,0.40791905,0.021834083,0.45375204,0.41884974,0.019288948,0.55474365,0.35778046,0.02282992,0.48826602,0.32074848,0.016617928,0.4854158,0.37439167,0.009430372,0.5066982,0.4116782,0.004892327,0.5018152,0.39423317,0.006588346,0.43806016,0.37516236,0.009940346,0.4467213,0.4286364,0.010457402,0.47541484,0.4566759,0.010259128,0.4569872,0.4509048,-0.008127377,0.41980585,0.46308503,-0.0011827613,0.43707377,0.5043741,0.004306566,0.4642878,0.52005166,0.0050149956,0.41997963,0.5125415,-0.021714346,0.41034722,0.53181493,-0.013855895,0.43097255,0.56839406,-0.003174125,0.45236704,0.58297175,0.005063064
0.61778414,0.6807977,-2.914301e-07,0.62765867,0.54080176,0.020551315,0.58296525,0.44151455,0.023302572,0.52070826,0.40548956,0.020825135,0.46906397,0.4166975,0.019724261,0.5653513,0.35320306,0.018615097,0.49197933,0.32159606,0.011127519,0.49647948,0.3745675,0.0031414758,0.52114385,0.40896827,-0.0013979677,0.5119723,0.39336503,0.0033828223,0.44710425,0.375707,0.006514303,0.4607178,0.42760593,0.008655652,0.4898022,0.4558027,0.0096101295,0.4661581,0.45265058,-0.010432939,0.42863795,0.46044156,-0.0034331763,0.448232,0.5003402,0.0046764202,0.47519252,0.51750517,0.007199104,0.4283619,0.5160604,-0.02346438,0.41953704,0.52981555,-0.014867514,0.44138238,0.5657989,-0.0027441834,0.46173024,0.581139,0.006600309
0.7609699,0.68832576,-3.7798867e-07,0.68090224,0.6618186,-0.01582907,0.6104754,0.56067324,-0.015762953,0.5929265,0.45139825,-0.022376064,0.61552763,0.36803395,-0.025224542,0.61780775,0.5031645,0.04710799,0.58948773,0.4479211,0.015984438,0.59883547,0.46186525,-0.0008148606,0.61188954,0.4520255,-0.005037547,0.6554305,0.47591946,0.042137906,0.62211925,0.4118949,-0.0005009968,0.6434354,0.48861468,-0.009925747,0.6647245,0.51141316,0.0025619294,0.6994461,0.45626134,0.027153535,0.66533214,0.39782843,-0.019373223,0.6823327,0.48201558,-0.012574014,0.70558715,0.5128334,0.012348504,0.74919623,0.44044173,0.010218616,0.7128566,0.38509881,-0.01119878,0.7169766,0.4403514,-0.00056301866,0.73625714,0.46763045,0.018222878
0.7692693,0.6846221,-7.335437e-07,0.6907236,0.634725,-0.0030174456,0.62311137,0.5314833,-0.006145126,0.59596837,0.43073153,-0.019705484,0.6204247,0.34843445,-0.029437395,0.65522444,0.44657737,0.046539173,0.6202947,0.3829946,0.0112581095,0.6191259,0.44643566,-0.0027158174,0.63579893,0.465122,-0.004683001,0.6916204,0.43069082,0.03180627,0.64658046,0.35868454,-0.011512758,0.65090376,0.46184394,-0.0140691055,0.6802894,0.48705283,0.0021281503,0.73523086,0.42310914,0.0077429954,0.6828854,0.36307102,-0.038482547,0.6860784,0.4622437,-0.02642487,0.7171153,0.4861664,6.802552e-05,0.7844858,0.4217225,-0.017060779,0.72749364,0.37522203,-0.038260654,0.7218782,0.439645,-0.025583427,0.7495256,0.46714997,-0.0063857995
0.52434075,0.65342337,-7.4283025e-07,0.4437454,0.64150006,-0.032555915,0.355842,0.5669605,-0.04485911,0.3134956,0.46792984,-0.061279338,0.3234009,0.3718745,-0.06772076,0.33295953,0.4623356,0.024570795,0.2904427,0.39276135,-0.033987124,0.32239097,0.46597087,-0.05816204,0.34492233,0.491573,-0.06089958,0.37516975,0.43308434,0.021176474,0.3367579,0.36588874,-0.035245232,0.37520167,0.47337878,-0.03690481,0.3904543,0.4844565,-0.018119454,0.4262758,0.41483033,0.0035401788,0.39277875,0.36614463,-0.058448248,0.42650035,0.4774016,-0.038319632,0.44394198,0.49263206,-0.0029597722,0.48342144,0.40193564,-0.017508022,0.4445239,0.36412176,-0.044752594,0.4619124,0.44135642,-0.023675986,0.47794533,0.46060675,0.0036644225
0.81876194,0.8024164,-1.1926847e-06,0.67287856,0.7667716,-0.061077695,0.49585882,0.63900816,-0.086948074,0.3949923,0.47665456,-0.119934104,0.4189759,0.27358508,-0.13753618,0.45491254,0.43247083,0.04768557,0.37254912,0.3337374,-0.040967174,0.43031698,0.4419007,-0.09099558,0.493591,0.50227857,-0.10430962,0.5318125,0.35954022,0.048162278,0.4636054,0.24752156,-0.039790057,0.532967,0.40908998,-0.061120957,0.58388364,0.47094133,-0.043587998,0.6292244,0.31235024,0.02619912,0.5612469,0.2144736,-0.066958636,0.6153413,0.3734408,-0.054589245,0.6689139,0.44030115,-0.010427776,0.73914504,0.27742776,-0.0016353615,0.6533828,0.17143643,-0.043721616,0.6639392,0.27390838,-0.021109803,0.7011714,0.33929962,0.016233012
0.80578256,0.9446267,-1.8849631e-06,0.6106875,0.7577545,0.035905123,0.4883032,0.57969767,0.012022628,0.40120685,0.45829448,-0.03643801,0.4067616,0.3378353,-0.07275428,0.71886677,0.24252775,0.04805903,0.4896208,0.17271757,-0.018635912,0.47520453,0.37173408,-0.0512419,0.53619003,0.4194449,-0.06991826,0.7698148,0.2597058,-0.013941639,0.49704707,0.1958723,-0.08679861,0.4730977,0.4032565,-0.085940726,0.55114377,0.43946454,-0.07428588,0.78944314,0.31659943,-0.08358546,0.5197708,0.26371023,-0.1425758,0.49821258,0.46247712,-0.091115445,0.58022445,0.49776044,-0.04841919,0.7786504,0.4033793,-0.15444036,0.566978,0.3525045,-0.18832965,0.5387008,0.49488637,-0.15184191,0.60700995,0.54998165,-0.11607897
0.6092578,0.91808677,-1.3873822e-06,0.45771304,0.8978025,-0.09542822,0.26891708,0.79999304,-0.16078976,0.15897936,0.6577638,-0.22880308,0.19555281,0.46263927,-0.27403992,0.22720416,0.4532299,-0.006422975,0.13274759,0.36754858,-0.14685886,0.20161507,0.54586154,-0.20998609,0.27439785,0.6105478,-0.22643581,0.32736352,0.3869884,-0.013040775,0.22600424,0.28837946,-0.15598752,0.30159009,0.54312533,-0.16724336,0.35978597,0.58271086,-0.12865748,0.4429075,0.3592338,-0.049913418,0.350794,0.3193022,-0.19252251,0.40946466,0.5564027,-0.15497708,0.4598201,0.579427,-0.0829181,0.57361007,0.35714465,-0.09587395,0.4806207,0.33743772,-0.16444308,0.4950341,0.50256824,-0.12929793,0.5255825,0.5450418,-0.07698045
0.16540834,0.85109097,-8.615653e-07,0.29560375,0.75590837,-0.041292667,0.41210827,0.5887031,-0.066195495,0.4346489,0.4291712,-0.093538314,0.35216984,0.3713661,-0.10847457,0.32520917,0.3352516,-0.0057822317,0.39649203,0.26578122,-0.073441096,0.39278436,0.41965714,-0.10270032,0.3585927,0.46233568,-0.112959206,0.2420237,0.32626843,-0.015858622,0.32621408,0.32773566,-0.07976962,0.3253793,0.50467104,-0.091429174,0.28599563,0.49777517,-0.08532396,0.16522369,0.35661438,-0.03745522,0.25069952,0.39487344,-0.11071412,0.25466123,0.55628216,-0.096529976,0.21183063,0.55494773,-0.069898784,0.09174821,0.40577066,-0.06257357,0.18051356,0.44867548,-0.10512756,0.18745387,0.5595396,-0.087492466,0.14288433,0.5665186,-0.062204875
0.35217083,0.86125296,-3.118126e-07,0.5213893,0.8383007,-0.08826821,0.6987036,0.704599,-0.14227103,0.7447399,0.5066797,-0.19094023,0.69137925,0.356402,-0.22667228,0.6837946,0.3802017,-0.035722658,0.75651395,0.3810091,-0.13974844,0.7625137,0.4513554,-0.18843774,0.7564565,0.46650273,-0.20695299,0.57925534,0.29890245,-0.033274278,0.6552809,0.3747676,-0.13167697,0.5979998,0.5689182,-0.14255461,0.5670824,0.54035133,-0.12510091,0.47603622,0.28432164,-0.050661076,0.5345051,0.42369145,-0.1627623,0.49380365,0.5915552,-0.14240213,0.46077344,0.552639,-0.10253082,0.36846834,0.30668822,-0.075910114,0.424386,0.46117696,-0.14984165,0.40790772,0.5795282,-0.13803181,0.37245116,0.5376962,-0.11016313
0.2575958,0.7965478,-6.5994425e-07,0.46721718,0.68445325,-0.031296298,0.5926027,0.5481372,-0.0754715,0.67018604,0.4260196,-0.12669691,0.65417564,0.3153333,-0.16488415,0.41729313,0.18147343,-0.030659202,0.61440635,0.19361328,-0.11500785,0.6108246,0.35747772,-0.15791838,0.5702878,0.39856544,-0.18085149,0.34794536,0.19754148,-0.06143933,0.59224224,0.26420814,-0.14386716,0.56332976,0.45226762,-0.15543063,0.5091504,0.47037593,-0.15027253,0.30456147,0.26832724,-0.102337964,0.54216534,0.38434553,-0.17523228,0.5106272,0.5372924,-0.15249176,0.45512033,0.54357713,-0.12545587,0.2830472,0.37781954,-0.14873168,0.4741326,0.47835913,-0.18633284,0.45137987,0.58709747,-0.1669783,0.39657176,0.59689546,-0.14594127
0.33025664,0.7420946,-6.981661e-07,0.32353204,0.5280745,0.025100533,0.37476334,0.36156136,0.012658631,0.4561146,0.25860694,-0.0034314017,0.53790665,0.22959495,-0.013654278,0.39071682,0.28774637,-0.042700596,0.53913724,0.2135927,-0.057580307,0.5231271,0.27443695,-0.050549284,0.4791568,0.31076127,-0.04337394,0.4461763,0.36791575,-0.06972952,0.5869528,0.29459345,-0.0700263,0.56025124,0.35315317,-0.049066335,0.51091176,0.3929385,-0.03866152,0.5045991,0.46017346,-0.09073659,0.60592675,0.39526603,-0.07731197,0.57651377,0.44547495,-0.039509475,0.53287214,0.48267433,-0.022683972,0.555739,0.5577802,-0.110040545,0.611567,0.48563892,-0.08449395,0.57853293,0.5297455,-0.04385429,0.5463139,0.5649421,-0.019751363
0.2547189,0.71334887,-6.20173e-07,0.22999112,0.5424634,0.046651646,0.2424641,0.396131,0.040491782,0.2912555,0.30783367,0.020688267,0.34392056,0.2747175,0.0045313,0.18800664,0.28846017,0.0052738986,0.32031274,0.18906283,-0.0113464575,0.3417168,0.26434886,-0.015543268,0.3206533,0.31656855,-0.019659106,0.22664239,0.30224735,-0.03745933,0.37803417,0.23238324,-0.041007873,0.3850133,0.30883,-0.032739867,0.35542458,0.3516981,-0.032475162,0.2823818,0.3371954,-0.07641728,0.42171803,0.29923886,-0.064852774,0.4124301,0.37096748,-0.044125453,0.3736432,0.40181285,-0.040959466,0.34797427,0.38396806,-0.11412908,0.44692826,0.3747375,-0.09070319,0.42828393,0.43940303,-0.068540245,0.38888705,0.46022022,-0.0605809
0.64951634,0.8576215,-5.98494e-07,0.7385296,0.7053326,0.02588399,0.7714752,0.5759942,0.021156741,0.80976945,0.4650714,0.0040903958,0.83918744,0.3968988,-0.00677496,0.5959769,0.43916205,0.029421426,0.74719405,0.37383574,0.006867773,0.7688387,0.45478237,-0.009432531,0.7502927,0.50831264,-0.022524316,0.6001403,0.44947428,-0.0032860488,0.7836438,0.41817015,-0.019514877,0.78773475,0.50746644,-0.022063252,0.75110084,0.54697144,-0.026708433,0.6288687,0.48455733,-0.037594028,0.8056567,0.46927094,-0.046858463,0.79776937,0.55591935,-0.03417408,0.7575776,0.5892818,-0.030646266,0.6741361,0.5321848,-0.07256345,0.8130538,0.5252434,-0.072215706,0.8039819,0.59302294,-0.061631657,0.76906013,0.62157613,-0.05731308
0.27637956,0.7982384,1.1071413e-07,0.3891439,0.79765856,-0.077485114,0.48156768,0.7851034,-0.1357063,0.51001525,0.7836133,-0.18632235,0.44196308,0.7986865,-0.23323104,0.4789327,0.42617866,-0.10369984,0.48602483,0.66478443,-0.17948169,0.46639597,0.70228803,-0.22938338,0.46680674,0.6497337,-0.2637118,0.37535936,0.43075663,-0.105513535,0.3996814,0.71399856,-0.1629859,0.3830121,0.741225,-0.17658535,0.37445897,0.6705621,-0.18761678,0.27735388,0.49027127,-0.116416976,0.3090378,0.7498772,-0.1722389,0.3096897,0.77267367,-0.16203797,0.3133868,0.71308845,-0.1509071,0.19321497,0.57196164,-0.13732828,0.22569312,0.7783608,-0.18161188,0.23294951,0.82720554,-0.1802336,0.23837104,0.81268466,-0.17205621
0.44358498,0.74478775,3.108575e-08,0.59163725,0.7788173,-0.09204043,0.6954564,0.78682995,-0.15932523,0.68236005,0.7815242,-0.21393701,0.6002386,0.764205,-0.26105496,0.6955677,0.3714882,-0.12621753,0.69264483,0.6415104,-0.20727037,0.6736718,0.69575614,-0.26228774,0.6729064,0.63175267,-0.302479,0.5796576,0.3528514,-0.120754,0.5938508,0.681649,-0.18116277,0.5842513,0.70178014,-0.20176749,0.5806011,0.5984689,-0.22281551,0.469752,0.40252957,-0.12399726,0.4971267,0.7079432,-0.17749861,0.50056374,0.7135782,-0.168165,0.50170434,0.61238194,-0.1631002,0.37443146,0.48187643,-0.13837762,0.41045356,0.71373475,-0.1854756,0.42441845,0.7250633,-0.18944108,0.42745972,0.65503293,-0.18784373
0.65665287,0.7758525,-8.7163403e-07,0.56211424,0.77589417,-0.08057649,0.4735692,0.79392576,-0.14850864,0.43693843,0.83740485,-0.20723082,0.45936066,0.87118506,-0.2571189,0.4297272,0.43627262,-0.123167686,0.41795307,0.6394781,-0.20949316,0.43269077,0.74976134,-0.26294497,0.43590122,0.7572643,-0.2956954,0.542942,0.41799945,-0.12682472,0.53166074,0.7053168,-0.19924526,0.5257211,0.8186135,-0.21654049,0.5208387,0.81115603,-0.22279227,0.65352505,0.46476793,-0.13914965,0.63408834,0.750882,-0.19758026,0.612749,0.8207829,-0.17773452,0.5989866,0.7830803,-0.15790688,0.74233574,0.5455961,-0.16173322,0.717643,0.7684462,-0.20217003,0.6995025,0.8154322,-0.18883203,0.69310194,0.7788258,-0.16927963
0.66214013,0.72676545,-1.3855786e-06,0.5171743,0.7829377,-0.22371303,0.3799903,0.76874965,-0.38075846,0.4373215,0.80268437,-0.5040876,0.60821766,0.8010925,-0.5999725,0.46784776,0.19669431,-0.3209105,0.49606484,0.48906228,-0.5031094,0.5021876,0.71156967,-0.5827922,0.51302814,0.7255199,-0.62758034,0.6589706,0.1607189,-0.2856011,0.7030381,0.5383439,-0.4590561,0.6400385,0.7700218,-0.4675937,0.6224374,0.7165657,-0.4567275,0.8192074,0.22189792,-0.2745999,0.8519384,0.63534003,-0.42244887,0.7479921,0.7903088,-0.37576622,0.7003127,0.7157258,-0.32896304,0.94471574,0.33690342,-0.2882831,0.9418019,0.6572757,-0.4007829,0.8481183,0.7618065,-0.40059173,0.792028,0.71262395,-0.3838453
0.73210794,0.91670644,-1.3473633e-06,0.5818034,0.93131125,-0.12691386,0.40350294,0.853898,-0.20747301,0.32693192,0.7206678,-0.27758753,0.36585984,0.54162747,-0.32012752,0.32395297,0.4092635,-0.066759735,0.24714202,0.4455462,-0.20882092,0.33152324,0.6458903,-0.27640945,0.38547868,0.67258793,-0.3050665,0.4359432,0.32911122,-0.06375458,0.37374008,0.3870155,-0.2116542,0.44536883,0.63287675,-0.22996971,0.4733656,0.63413894,-0.20542878,0.5601062,0.320454,-0.08955197,0.51328266,0.43384194,-0.22648172,0.5581091,0.6574784,-0.18943542,0.5683562,0.6342052,-0.1292918,0.6864628,0.3506302,-0.12936126,0.6410663,0.47445223,-0.20017913,0.6534488,0.6280573,-0.17501588,0.65614283,0.61285365,-0.13463022
0.7535378,0.87337846,-8.1470654e-07,0.6492956,0.8470504,-0.15454611,0.52328366,0.7225739,-0.2612985,0.5090292,0.5663182,-0.35646307,0.5927238,0.4177054,-0.42464495,0.461501,0.319328,-0.10212601,0.43730748,0.30759162,-0.26485506,0.47674572,0.47499833,-0.33519986,0.5085011,0.53910613,-0.35970888,0.5762829,0.2410357,-0.08781171,0.5842513,0.31169462,-0.24011649,0.5977381,0.5584857,-0.24216947,0.58216625,0.5422443,-0.20371634,0.7012393,0.24527557,-0.10802612,0.7215696,0.41139203,-0.24206758,0.70511657,0.6130255,-0.20324183,0.6700478,0.59083956,-0.14688922,0.8196017,0.28730863,-0.1477527,0.84320456,0.47213727,-0.22706018,0.8192588,0.61055577,-0.21749218,0.7750528,0.5922228,-0.18919161
0.67768204,0.8009559,-1.025406e-06,0.5513793,0.7418577,-0.016436277,0.4382421,0.5922838,-0.018797131,0.38944042,0.439679,-0.03462107,0.40516758,0.29339886,-0.04340797,0.4629898,0.44887373,0.082949266,0.41956705,0.34209457,0.030915022,0.42364347,0.42815048,0.0005152297,0.4478199,0.46814337,-0.009131098,0.52207786,0.42006025,0.06759432,0.46481338,0.29944557,0.0023446642,0.48242533,0.44873616,-0.014486209,0.5272239,0.5063575,0.0006130262,0.59337234,0.40860045,0.036486667,0.5274577,0.30129808,-0.030467764,0.5381773,0.44561243,-0.017329516,0.57993793,0.50082904,0.018677533,0.6751759,0.40744647,0.0027872252,0.60379523,0.32102007,-0.026843213,0.6007176,0.4176392,-0.006505125,0.63773435,0.46743888,0.022809165
0.6445587,0.7644193,-1.2300824e-06,0.49993613,0.61376506,-0.0010773204,0.4346825,0.4721424,-0.025810054,0.39021808,0.3580665,-0.05806438,0.37530717,0.24713352,-0.0792717,0.6542655,0.2834149,0.01210072,0.460029,0.2252892,-0.047689818,0.44741237,0.35846052,-0.08721915,0.4939867,0.42269298,-0.10752637,0.67488444,0.29488117,-0.011904477,0.44193563,0.25955653,-0.07098842,0.44043267,0.39050105,-0.08384854,0.49981993,0.4328455,-0.085153915,0.66199034,0.32758325,-0.042555127,0.4428579,0.2991604,-0.091245905,0.444445,0.4282565,-0.06897565,0.5022247,0.47183415,-0.047247857,0.6241083,0.37493846,-0.076059915,0.45763227,0.36567867,-0.11195839,0.45502466,0.45900992,-0.102376595,0.5018742,0.50153846,-0.08616828
0.59159994,0.7191011,-8.938166e-07,0.45614895,0.7390944,-0.03991967,0.32253653,0.66110516,-0.04700549,0.26206014,0.51737857,-0.05978873,0.26494634,0.3965886,-0.059891023,0.27393323,0.6174577,0.052713897,0.21012445,0.5512136,-0.013409958,0.28067595,0.6122805,-0.04801486,0.32162455,0.6289367,-0.055610407,0.3197217,0.5427967,0.05003262,0.2512468,0.4567571,-0.0236651,0.33721676,0.53799874,-0.042229284,0.37968463,0.5589651,-0.026954792,0.37757835,0.47214493,0.030220896,0.31423852,0.39972305,-0.045275684,0.38971496,0.48601237,-0.034836225,0.43179548,0.5184985,0.0019489852,0.44315028,0.4097661,0.005884009,0.37233457,0.35215983,-0.029907709,0.41602623,0.4195106,-0.012791612,0.45592242,0.45428833,0.016716788
0.8659009,0.8439717,-1.3099515e-06,0.712225,0.78833044,-0.07085581,0.5490775,0.60751486,-0.08494088,0.47130504,0.38270473,-0.1053013,0.5009155,0.1806602,-0.10436411,0.50439465,0.40151083,0.08091969,0.42821515,0.24638687,-0.0040264893,0.49312562,0.37942407,-0.047452196,0.5434737,0.44971302,-0.053495448,0.59731424,0.338272,0.09125679,0.5555247,0.19149014,-0.0013326415,0.62248063,0.3735761,-0.025031768,0.65574044,0.44594944,-0.0041192416,0.69968337,0.30153358,0.07496424,0.66331905,0.18305185,-0.02085411,0.7059337,0.35792518,-0.013022887,0.7339043,0.4417515,0.031566978,0.8063452,0.27370477,0.0514586,0.757697,0.17005184,0.013218787,0.7683219,0.28275877,0.031992637,0.7876493,0.35011292,0.06837114
0.62402725,0.8740618,-9.0847726e-07,0.50574434,0.80723107,-0.045605294,0.4002768,0.67919916,-0.07350632,0.36328852,0.53814393,-0.108482845,0.38701472,0.38876477,-0.13419712,0.36234856,0.50558436,0.024542231,0.31343842,0.39204782,-0.053884327,0.32273316,0.49225348,-0.104471885,0.3441767,0.5661267,-0.12413116,0.43224236,0.469051,0.015723504,0.38265598,0.32618952,-0.06471011,0.40045696,0.47549406,-0.09235957,0.42825374,0.55653125,-0.085464895,0.5144081,0.4531915,-0.008989984,0.46471015,0.32018924,-0.08845618,0.4780559,0.4771101,-0.07862249,0.50541615,0.5656485,-0.043663085,0.6047304,0.4553507,-0.0384155,0.55102634,0.34718382,-0.07930455,0.5467999,0.4435146,-0.060223397,0.5628629,0.5124926,-0.029515736
